dialogue_id,turn_idx,perspective,accept_eligible_match,accept_eligible_mismatch,accept_eligible,lambda_match,lambda_mismatch,accept_pred_match,accept_pred_mismatch,accept_gold,lambda_changed,accept_pred_changed
1,1,mturk_agent_1,False,False,False,1.0,2.0,,,,True,False
1,3,mturk_agent_1,False,False,False,1.0,2.0,,,,True,False
1,5,mturk_agent_1,False,False,False,1.0,2.0,,,,True,False
1,7,mturk_agent_1,False,False,False,1.0,2.0,,,,True,False
1,9,mturk_agent_1,False,False,False,1.0,2.0,,,,True,False
1,11,mturk_agent_1,False,False,False,1.0,2.0,,,,True,False
1009,1,mturk_agent_1,False,False,False,2.0,1.0,,,,True,False
1009,3,mturk_agent_1,False,False,False,2.0,1.0,,,,True,False
1009,5,mturk_agent_1,False,False,False,2.0,1.0,,,,True,False
1009,7,mturk_agent_1,False,False,False,2.0,1.0,,,,True,False
1009,9,mturk_agent_1,False,False,False,2.0,1.0,,,,True,False
1009,11,mturk_agent_1,False,False,False,2.0,1.0,,,,True,False
1017,0,mturk_agent_1,False,False,False,1.0,2.0,,,,True,False
1017,2,mturk_agent_1,False,False,False,1.0,2.0,,,,True,False
1017,4,mturk_agent_1,False,False,False,1.0,2.0,,,,True,False
1017,6,mturk_agent_1,False,False,False,1.0,2.0,,,,True,False
1017,8,mturk_agent_1,False,False,False,1.0,2.0,,,,True,False
1017,10,mturk_agent_1,False,False,False,1.0,2.0,,,False,True,False
1025,0,mturk_agent_1,False,False,False,1.0,2.0,,,,True,False
1025,2,mturk_agent_1,False,False,False,1.0,2.0,,,,True,False
1025,4,mturk_agent_1,False,False,False,1.0,2.0,,,,True,False
1025,6,mturk_agent_1,False,False,False,1.0,2.0,,,,True,False
1025,8,mturk_agent_1,False,False,False,1.0,2.0,,,,True,False
1025,10,mturk_agent_1,False,False,False,1.0,2.0,,,,True,False
1025,12,mturk_agent_1,True,True,True,1.0,2.0,True,True,True,True,False
113,1,mturk_agent_1,False,False,False,1.0,2.0,,,,True,False
113,3,mturk_agent_1,False,False,False,1.0,2.0,,,,True,False
113,5,mturk_agent_1,False,False,False,1.0,2.0,,,,True,False
113,7,mturk_agent_1,False,False,False,1.0,2.0,,,,True,False
113,9,mturk_agent_1,False,False,False,1.0,2.0,,,,True,False
113,11,mturk_agent_1,True,True,True,1.0,2.0,True,True,True,True,False
116,0,mturk_agent_1,False,False,False,1.0,2.0,,,,True,False
116,2,mturk_agent_1,False,False,False,1.0,2.0,,,,True,False
116,4,mturk_agent_1,False,False,False,1.0,2.0,,,,True,False
116,6,mturk_agent_1,False,False,False,1.0,2.0,,,,True,False
116,8,mturk_agent_1,False,False,False,1.0,2.0,,,,True,False
116,10,mturk_agent_1,False,False,False,1.0,2.0,,,,True,False
121,0,mturk_agent_1,False,False,False,1.0,2.0,,,,True,False
121,2,mturk_agent_1,False,False,False,1.0,2.0,,,,True,False
121,4,mturk_agent_1,False,False,False,1.0,2.0,,,,True,False
121,6,mturk_agent_1,False,False,False,1.0,2.0,,,,True,False
121,8,mturk_agent_1,False,False,False,1.0,2.0,,,,True,False
121,10,mturk_agent_1,False,False,False,1.0,2.0,,,,True,False
138,0,mturk_agent_1,False,False,False,2.0,1.0,,,,True,False
138,2,mturk_agent_1,False,False,False,2.0,1.0,,,,True,False
138,4,mturk_agent_1,False,False,False,2.0,1.0,,,,True,False
138,6,mturk_agent_1,False,False,False,2.0,1.0,,,,True,False
138,8,mturk_agent_1,False,False,False,2.0,1.0,,,,True,False
138,10,mturk_agent_1,False,False,False,2.0,1.0,,,,True,False
149,0,mturk_agent_1,False,False,False,1.0,2.0,,,,True,False
149,2,mturk_agent_1,False,False,False,1.0,2.0,,,,True,False
149,4,mturk_agent_1,False,False,False,1.0,2.0,,,,True,False
149,6,mturk_agent_1,False,False,False,1.0,2.0,,,,True,False
149,8,mturk_agent_1,False,False,False,1.0,2.0,,,,True,False
149,10,mturk_agent_1,False,False,False,1.0,2.0,,,,True,False
150,0,mturk_agent_1,False,False,False,1.0,2.0,,,,True,False
150,2,mturk_agent_1,False,False,False,1.0,2.0,,,,True,False
150,4,mturk_agent_1,False,False,False,1.0,2.0,,,,True,False
150,6,mturk_agent_1,False,False,False,1.0,2.0,,,,True,False
150,8,mturk_agent_1,False,False,False,1.0,2.0,,,,True,False
150,10,mturk_agent_1,False,False,False,1.0,2.0,,,,True,False
16,0,mturk_agent_1,False,False,False,2.0,1.0,,,,True,False
16,2,mturk_agent_1,False,False,False,2.0,1.0,,,,True,False
16,4,mturk_agent_1,False,False,False,2.0,1.0,,,,True,False
16,6,mturk_agent_1,False,False,False,2.0,1.0,,,,True,False
16,8,mturk_agent_1,False,False,False,2.0,1.0,,,,True,False
16,10,mturk_agent_1,False,False,False,2.0,1.0,,,,True,False
16,12,mturk_agent_1,True,True,True,2.0,1.0,True,True,True,True,False
177,1,mturk_agent_1,False,False,False,1.0,2.0,,,,True,False
177,3,mturk_agent_1,False,False,False,1.0,2.0,,,,True,False
177,5,mturk_agent_1,False,False,False,1.0,2.0,,,,True,False
177,7,mturk_agent_1,False,False,False,1.0,2.0,,,,True,False
177,9,mturk_agent_1,False,False,False,1.0,2.0,,,,True,False
177,11,mturk_agent_1,False,False,False,1.0,2.0,,,,True,False
18,0,mturk_agent_1,False,False,False,2.0,1.0,,,,True,False
18,2,mturk_agent_1,False,False,False,2.0,1.0,,,,True,False
18,4,mturk_agent_1,False,False,False,2.0,1.0,,,,True,False
18,6,mturk_agent_1,False,False,False,2.0,1.0,,,,True,False
18,8,mturk_agent_1,False,False,False,2.0,1.0,,,,True,False
18,10,mturk_agent_1,False,False,False,2.0,1.0,,,,True,False
18,12,mturk_agent_1,False,False,False,2.0,1.0,,,,True,False
18,14,mturk_agent_1,False,False,False,2.0,1.0,,,,True,False
18,16,mturk_agent_1,False,False,False,2.0,1.0,,,,True,False
18,18,mturk_agent_1,True,True,True,2.0,1.0,True,True,True,True,False
184,0,mturk_agent_1,False,False,False,1.0,2.0,,,,True,False
184,2,mturk_agent_1,False,False,False,1.0,2.0,,,,True,False
184,4,mturk_agent_1,False,False,False,1.0,2.0,,,,True,False
184,6,mturk_agent_1,False,False,False,1.0,2.0,,,,True,False
184,8,mturk_agent_1,False,False,False,1.0,2.0,,,,True,False
184,10,mturk_agent_1,False,False,False,1.0,2.0,,,,True,False
185,0,mturk_agent_1,False,False,False,1.0,2.0,,,,True,False
185,2,mturk_agent_1,False,False,False,1.0,2.0,,,,True,False
185,4,mturk_agent_1,False,False,False,1.0,2.0,,,,True,False
185,6,mturk_agent_1,False,False,False,1.0,2.0,,,,True,False
185,8,mturk_agent_1,False,False,False,1.0,2.0,,,,True,False
185,10,mturk_agent_1,False,False,False,1.0,2.0,,,,True,False
188,1,mturk_agent_1,False,False,False,1.0,2.0,,,,True,False
188,3,mturk_agent_1,False,False,False,1.0,2.0,,,,True,False
188,5,mturk_agent_1,False,False,False,1.0,2.0,,,,True,False
188,7,mturk_agent_1,True,True,True,1.0,2.0,True,True,True,True,False
189,0,mturk_agent_1,False,False,False,1.0,2.0,,,,True,False
189,2,mturk_agent_1,False,False,False,1.0,2.0,,,,True,False
189,4,mturk_agent_1,False,False,False,1.0,2.0,,,,True,False
189,6,mturk_agent_1,False,False,False,1.0,2.0,,,,True,False
189,8,mturk_agent_1,False,False,False,1.0,2.0,,,,True,False
189,10,mturk_agent_1,False,False,False,1.0,2.0,,,,True,False
192,1,mturk_agent_1,False,False,False,2.0,1.0,,,,True,False
192,3,mturk_agent_1,False,False,False,2.0,1.0,,,,True,False
192,5,mturk_agent_1,False,False,False,2.0,1.0,,,,True,False
192,7,mturk_agent_1,False,False,False,2.0,1.0,,,,True,False
192,9,mturk_agent_1,False,False,False,2.0,1.0,,,,True,False
192,11,mturk_agent_1,False,False,False,2.0,1.0,,,,True,False
193,1,mturk_agent_1,False,False,False,2.0,1.0,,,,True,False
193,3,mturk_agent_1,False,False,False,2.0,1.0,,,,True,False
193,5,mturk_agent_1,False,False,False,2.0,1.0,,,,True,False
193,7,mturk_agent_1,False,False,False,2.0,1.0,,,,True,False
193,9,mturk_agent_1,False,False,False,2.0,1.0,,,,True,False
193,11,mturk_agent_1,False,False,False,2.0,1.0,,,,True,False
193,13,mturk_agent_1,False,False,False,2.0,1.0,,,,True,False
193,15,mturk_agent_1,False,False,False,2.0,1.0,,,,True,False
193,17,mturk_agent_1,True,True,True,2.0,1.0,True,True,True,True,False
195,1,mturk_agent_1,False,False,False,2.0,1.0,,,,True,False
195,3,mturk_agent_1,False,False,False,2.0,1.0,,,,True,False
195,5,mturk_agent_1,False,False,False,2.0,1.0,,,,True,False
195,7,mturk_agent_1,False,False,False,2.0,1.0,,,,True,False
195,9,mturk_agent_1,False,False,False,2.0,1.0,,,,True,False
195,11,mturk_agent_1,True,True,True,2.0,1.0,True,True,True,True,False
198,1,mturk_agent_1,False,False,False,2.0,1.0,,,,True,False
198,3,mturk_agent_1,False,False,False,2.0,1.0,,,,True,False
198,5,mturk_agent_1,False,False,False,2.0,1.0,,,,True,False
198,7,mturk_agent_1,False,False,False,2.0,1.0,,,,True,False
198,9,mturk_agent_1,False,False,False,2.0,1.0,,,,True,False
198,11,mturk_agent_1,False,False,False,2.0,1.0,,,,True,False
198,13,mturk_agent_1,False,False,False,2.0,1.0,,,,True,False
198,15,mturk_agent_1,False,False,False,2.0,1.0,,,,True,False
202,0,mturk_agent_1,False,False,False,1.0,2.0,,,,True,False
202,2,mturk_agent_1,False,False,False,1.0,2.0,,,,True,False
202,4,mturk_agent_1,False,False,False,1.0,2.0,,,,True,False
202,6,mturk_agent_1,False,False,False,1.0,2.0,,,,True,False
202,8,mturk_agent_1,False,False,False,1.0,2.0,,,,True,False
202,10,mturk_agent_1,False,False,False,1.0,2.0,,,,True,False
202,12,mturk_agent_1,False,False,False,1.0,2.0,,,,True,False
202,14,mturk_agent_1,True,True,True,1.0,2.0,True,True,True,True,False
210,1,mturk_agent_1,False,False,False,1.0,2.0,,,,True,False
210,3,mturk_agent_1,False,False,False,1.0,2.0,,,,True,False
210,5,mturk_agent_1,False,False,False,1.0,2.0,,,,True,False
210,7,mturk_agent_1,False,False,False,1.0,2.0,,,,True,False
210,9,mturk_agent_1,False,False,False,1.0,2.0,,,,True,False
210,11,mturk_agent_1,True,True,True,1.0,2.0,True,True,True,True,False
211,0,mturk_agent_1,False,False,False,2.0,1.0,,,,True,False
211,2,mturk_agent_1,False,False,False,2.0,1.0,,,,True,False
211,4,mturk_agent_1,False,False,False,2.0,1.0,,,,True,False
211,6,mturk_agent_1,False,False,False,2.0,1.0,,,,True,False
211,8,mturk_agent_1,False,False,False,2.0,1.0,,,,True,False
211,10,mturk_agent_1,False,False,False,2.0,1.0,,,,True,False
211,12,mturk_agent_1,True,True,True,2.0,1.0,True,True,True,True,False
213,0,mturk_agent_1,False,False,False,2.0,1.0,,,,True,False
213,2,mturk_agent_1,False,False,False,2.0,1.0,,,,True,False
213,4,mturk_agent_1,False,False,False,2.0,1.0,,,,True,False
213,6,mturk_agent_1,False,False,False,2.0,1.0,,,,True,False
213,8,mturk_agent_1,False,False,False,2.0,1.0,,,,True,False
213,10,mturk_agent_1,False,False,False,2.0,1.0,,,,True,False
213,12,mturk_agent_1,False,False,False,2.0,1.0,,,,True,False
213,14,mturk_agent_1,False,False,False,2.0,1.0,,,False,True,False
221,1,mturk_agent_1,False,False,False,2.0,1.0,,,,True,False
221,3,mturk_agent_1,False,False,False,2.0,1.0,,,,True,False
221,5,mturk_agent_1,False,False,False,2.0,1.0,,,,True,False
221,7,mturk_agent_1,False,False,False,2.0,1.0,,,,True,False
221,9,mturk_agent_1,False,False,False,2.0,1.0,,,,True,False
221,11,mturk_agent_1,False,False,False,2.0,1.0,,,,True,False
221,13,mturk_agent_1,False,False,False,2.0,1.0,,,,True,False
221,15,mturk_agent_1,False,False,False,2.0,1.0,,,,True,False
229,0,mturk_agent_1,False,False,False,2.0,1.0,,,,True,False
229,2,mturk_agent_1,False,False,False,2.0,1.0,,,,True,False
229,4,mturk_agent_1,False,False,False,2.0,1.0,,,,True,False
229,6,mturk_agent_1,False,False,False,2.0,1.0,,,,True,False
229,8,mturk_agent_1,False,False,False,2.0,1.0,,,,True,False
229,10,mturk_agent_1,False,False,False,2.0,1.0,,,,True,False
229,12,mturk_agent_1,False,False,False,2.0,1.0,,,,True,False
229,14,mturk_agent_1,False,False,False,2.0,1.0,,,,True,False
229,16,mturk_agent_1,True,True,True,2.0,1.0,True,True,True,True,False
231,1,mturk_agent_1,False,False,False,2.0,1.0,,,,True,False
231,3,mturk_agent_1,False,False,False,2.0,1.0,,,,True,False
231,5,mturk_agent_1,False,False,False,2.0,1.0,,,,True,False
231,7,mturk_agent_1,False,False,False,2.0,1.0,,,,True,False
231,9,mturk_agent_1,False,False,False,2.0,1.0,,,,True,False
231,11,mturk_agent_1,False,False,False,2.0,1.0,,,,True,False
231,13,mturk_agent_1,True,True,True,2.0,1.0,True,False,True,True,True
241,1,mturk_agent_1,False,False,False,2.0,1.0,,,,True,False
241,3,mturk_agent_1,False,False,False,2.0,1.0,,,,True,False
241,5,mturk_agent_1,False,False,False,2.0,1.0,,,,True,False
241,7,mturk_agent_1,False,False,False,2.0,1.0,,,,True,False
241,9,mturk_agent_1,False,False,False,2.0,1.0,,,,True,False
241,11,mturk_agent_1,False,False,False,2.0,1.0,,,,True,False
241,13,mturk_agent_1,True,True,True,2.0,1.0,True,True,True,True,False
247,1,mturk_agent_1,False,False,False,1.0,2.0,,,,True,False
247,3,mturk_agent_1,False,False,False,1.0,2.0,,,,True,False
247,5,mturk_agent_1,False,False,False,1.0,2.0,,,,True,False
247,7,mturk_agent_1,False,False,False,1.0,2.0,,,,True,False
247,9,mturk_agent_1,False,False,False,1.0,2.0,,,,True,False
247,11,mturk_agent_1,True,True,True,1.0,2.0,True,True,True,True,False
260,0,mturk_agent_1,False,False,False,2.0,1.0,,,,True,False
260,2,mturk_agent_1,False,False,False,2.0,1.0,,,,True,False
260,4,mturk_agent_1,False,False,False,2.0,1.0,,,,True,False
260,6,mturk_agent_1,False,False,False,2.0,1.0,,,,True,False
260,8,mturk_agent_1,False,False,False,2.0,1.0,,,,True,False
260,10,mturk_agent_1,False,False,False,2.0,1.0,,,,True,False
260,12,mturk_agent_1,False,False,False,2.0,1.0,,,,True,False
260,15,mturk_agent_1,False,False,False,2.0,1.0,,,,True,False
281,0,mturk_agent_1,False,False,False,2.0,1.0,,,,True,False
281,2,mturk_agent_1,False,False,False,2.0,1.0,,,,True,False
281,4,mturk_agent_1,False,False,False,2.0,1.0,,,,True,False
281,6,mturk_agent_1,False,False,False,2.0,1.0,,,,True,False
281,8,mturk_agent_1,False,False,False,2.0,1.0,,,,True,False
281,10,mturk_agent_1,False,False,False,2.0,1.0,,,,True,False
287,1,mturk_agent_1,False,False,False,1.0,2.0,,,,True,False
287,3,mturk_agent_1,False,False,False,1.0,2.0,,,,True,False
287,5,mturk_agent_1,False,False,False,1.0,2.0,,,,True,False
287,7,mturk_agent_1,False,False,False,1.0,2.0,,,,True,False
287,9,mturk_agent_1,False,False,False,1.0,2.0,,,,True,False
287,11,mturk_agent_1,True,True,True,1.0,2.0,True,True,True,True,False
289,0,mturk_agent_1,False,False,False,2.0,1.0,,,,True,False
289,2,mturk_agent_1,False,False,False,2.0,1.0,,,,True,False
289,4,mturk_agent_1,False,False,False,2.0,1.0,,,,True,False
289,6,mturk_agent_1,False,False,False,2.0,1.0,,,,True,False
289,8,mturk_agent_1,False,False,False,2.0,1.0,,,,True,False
289,10,mturk_agent_1,False,False,False,2.0,1.0,,,,True,False
289,12,mturk_agent_1,True,True,True,2.0,1.0,True,True,True,True,False
298,1,mturk_agent_1,False,False,False,2.0,1.0,,,,True,False
298,3,mturk_agent_1,False,False,False,2.0,1.0,,,,True,False
298,5,mturk_agent_1,False,False,False,2.0,1.0,,,,True,False
298,7,mturk_agent_1,False,False,False,2.0,1.0,,,,True,False
298,9,mturk_agent_1,False,False,False,2.0,1.0,,,,True,False
298,11,mturk_agent_1,True,True,True,2.0,1.0,True,True,True,True,False
302,0,mturk_agent_1,False,False,False,2.0,1.0,,,,True,False
302,2,mturk_agent_1,False,False,False,2.0,1.0,,,,True,False
302,4,mturk_agent_1,False,False,False,2.0,1.0,,,,True,False
302,6,mturk_agent_1,False,False,False,2.0,1.0,,,,True,False
302,8,mturk_agent_1,False,False,False,2.0,1.0,,,,True,False
302,10,mturk_agent_1,False,False,False,2.0,1.0,,,,True,False
302,12,mturk_agent_1,True,True,True,2.0,1.0,True,True,True,True,False
311,1,mturk_agent_1,False,False,False,2.0,1.0,,,,True,False
311,3,mturk_agent_1,False,False,False,2.0,1.0,,,,True,False
311,5,mturk_agent_1,False,False,False,2.0,1.0,,,,True,False
311,7,mturk_agent_1,False,False,False,2.0,1.0,,,,True,False
311,9,mturk_agent_1,False,False,False,2.0,1.0,,,,True,False
311,11,mturk_agent_1,True,True,True,2.0,1.0,True,True,True,True,False
325,0,mturk_agent_1,False,False,False,1.0,1.0,,,,False,False
325,2,mturk_agent_1,False,False,False,1.0,1.0,,,,False,False
325,4,mturk_agent_1,False,False,False,1.0,1.0,,,,False,False
325,6,mturk_agent_1,False,False,False,1.0,1.0,,,,False,False
325,8,mturk_agent_1,False,False,False,1.0,1.0,,,,False,False
325,10,mturk_agent_1,False,False,False,1.0,1.0,,,,False,False
325,12,mturk_agent_1,False,False,False,1.0,1.0,,,,False,False
325,14,mturk_agent_1,False,False,False,1.0,1.0,,,,False,False
325,16,mturk_agent_1,False,False,False,1.0,1.0,,,,False,False
325,18,mturk_agent_1,False,False,False,1.0,1.0,,,,False,False
325,20,mturk_agent_1,True,True,True,1.0,1.0,True,True,True,False,False
328,0,mturk_agent_1,False,False,False,2.0,1.0,,,,True,False
328,2,mturk_agent_1,False,False,False,2.0,1.0,,,,True,False
328,4,mturk_agent_1,False,False,False,2.0,1.0,,,,True,False
328,6,mturk_agent_1,False,False,False,2.0,1.0,,,,True,False
328,8,mturk_agent_1,False,False,False,2.0,1.0,,,,True,False
328,10,mturk_agent_1,False,False,False,2.0,1.0,,,,True,False
328,12,mturk_agent_1,False,False,False,2.0,1.0,,,,True,False
33,0,mturk_agent_1,False,False,False,1.0,2.0,,,,True,False
33,2,mturk_agent_1,False,False,False,1.0,2.0,,,,True,False
33,4,mturk_agent_1,False,False,False,1.0,2.0,,,,True,False
33,6,mturk_agent_1,False,False,False,1.0,2.0,,,,True,False
33,8,mturk_agent_1,False,False,False,1.0,2.0,,,,True,False
33,10,mturk_agent_1,False,False,False,1.0,2.0,,,,True,False
33,13,mturk_agent_1,True,True,True,1.0,2.0,False,True,True,True,True
330,1,mturk_agent_1,False,False,False,1.0,2.0,,,,True,False
330,3,mturk_agent_1,False,False,False,1.0,2.0,,,,True,False
330,5,mturk_agent_1,False,False,False,1.0,2.0,,,,True,False
330,7,mturk_agent_1,False,False,False,1.0,2.0,,,,True,False
330,9,mturk_agent_1,False,False,False,1.0,2.0,,,,True,False
330,11,mturk_agent_1,False,False,False,1.0,2.0,,,,True,False
34,1,mturk_agent_1,False,False,False,2.0,1.0,,,,True,False
34,3,mturk_agent_1,False,False,False,2.0,1.0,,,,True,False
34,5,mturk_agent_1,False,False,False,2.0,1.0,,,,True,False
34,7,mturk_agent_1,False,False,False,2.0,1.0,,,,True,False
34,9,mturk_agent_1,False,False,False,2.0,1.0,,,,True,False
34,11,mturk_agent_1,False,False,False,2.0,1.0,,,,True,False
34,13,mturk_agent_1,False,False,False,2.0,1.0,,,,True,False
342,0,mturk_agent_1,False,False,False,2.0,1.0,,,,True,False
342,2,mturk_agent_1,False,False,False,2.0,1.0,,,,True,False
342,4,mturk_agent_1,False,False,False,2.0,1.0,,,,True,False
342,6,mturk_agent_1,False,False,False,2.0,1.0,,,,True,False
342,8,mturk_agent_1,False,False,False,2.0,1.0,,,,True,False
342,10,mturk_agent_1,False,False,False,2.0,1.0,,,,True,False
353,1,mturk_agent_1,False,False,False,1.0,2.0,,,,True,False
353,3,mturk_agent_1,False,False,False,1.0,2.0,,,,True,False
353,5,mturk_agent_1,False,False,False,1.0,2.0,,,,True,False
353,7,mturk_agent_1,False,False,False,1.0,2.0,,,,True,False
353,9,mturk_agent_1,False,False,False,1.0,2.0,,,,True,False
353,11,mturk_agent_1,False,False,False,1.0,2.0,,,,True,False
353,13,mturk_agent_1,False,False,False,1.0,2.0,,,,True,False
353,15,mturk_agent_1,True,True,True,1.0,2.0,True,True,True,True,False
360,1,mturk_agent_1,False,False,False,2.0,1.0,,,,True,False
360,3,mturk_agent_1,False,False,False,2.0,1.0,,,,True,False
360,5,mturk_agent_1,False,False,False,2.0,1.0,,,,True,False
360,7,mturk_agent_1,False,False,False,2.0,1.0,,,,True,False
360,9,mturk_agent_1,False,False,False,2.0,1.0,,,,True,False
360,11,mturk_agent_1,True,True,True,2.0,1.0,True,True,True,True,False
369,0,mturk_agent_1,False,False,False,2.0,1.0,,,,True,False
369,2,mturk_agent_1,False,False,False,2.0,1.0,,,,True,False
369,4,mturk_agent_1,False,False,False,2.0,1.0,,,,True,False
369,6,mturk_agent_1,False,False,False,2.0,1.0,,,,True,False
369,8,mturk_agent_1,False,False,False,2.0,1.0,,,,True,False
369,10,mturk_agent_1,False,False,False,2.0,1.0,,,,True,False
369,12,mturk_agent_1,True,True,True,2.0,1.0,True,True,True,True,False
375,0,mturk_agent_1,False,False,False,2.0,1.0,,,,True,False
375,2,mturk_agent_1,False,False,False,2.0,1.0,,,,True,False
375,4,mturk_agent_1,False,False,False,2.0,1.0,,,,True,False
375,6,mturk_agent_1,False,False,False,2.0,1.0,,,,True,False
375,8,mturk_agent_1,False,False,False,2.0,1.0,,,,True,False
375,10,mturk_agent_1,False,False,False,2.0,1.0,,,,True,False
38,1,mturk_agent_1,False,False,False,1.0,2.0,,,,True,False
38,3,mturk_agent_1,False,False,False,1.0,2.0,,,,True,False
38,5,mturk_agent_1,False,False,False,1.0,2.0,,,,True,False
38,7,mturk_agent_1,False,False,False,1.0,2.0,,,,True,False
38,9,mturk_agent_1,False,False,False,1.0,2.0,,,,True,False
38,11,mturk_agent_1,False,False,False,1.0,2.0,,,,True,False
38,13,mturk_agent_1,True,True,True,1.0,2.0,True,True,True,True,False
392,0,mturk_agent_1,False,False,False,1.0,2.0,,,,True,False
392,2,mturk_agent_1,False,False,False,1.0,2.0,,,,True,False
392,4,mturk_agent_1,False,False,False,1.0,2.0,,,,True,False
392,6,mturk_agent_1,False,False,False,1.0,2.0,,,,True,False
392,8,mturk_agent_1,False,False,False,1.0,2.0,,,,True,False
392,10,mturk_agent_1,False,False,False,1.0,2.0,,,,True,False
396,0,mturk_agent_1,False,False,False,1.0,2.0,,,,True,False
396,2,mturk_agent_1,False,False,False,1.0,2.0,,,,True,False
396,4,mturk_agent_1,False,False,False,1.0,2.0,,,,True,False
396,6,mturk_agent_1,False,False,False,1.0,2.0,,,,True,False
396,8,mturk_agent_1,False,False,False,1.0,2.0,,,,True,False
396,10,mturk_agent_1,False,False,False,1.0,2.0,,,,True,False
396,12,mturk_agent_1,True,True,True,1.0,2.0,True,True,True,True,False
4,1,mturk_agent_1,False,False,False,2.0,1.0,,,,True,False
4,3,mturk_agent_1,False,False,False,2.0,1.0,,,,True,False
4,5,mturk_agent_1,False,False,False,2.0,1.0,,,,True,False
4,7,mturk_agent_1,False,False,False,2.0,1.0,,,,True,False
4,9,mturk_agent_1,False,False,False,2.0,1.0,,,,True,False
4,11,mturk_agent_1,True,True,True,2.0,1.0,True,True,True,True,False
401,1,mturk_agent_1,False,False,False,1.0,2.0,,,,True,False
401,3,mturk_agent_1,False,False,False,1.0,2.0,,,,True,False
401,5,mturk_agent_1,False,False,False,1.0,2.0,,,,True,False
401,7,mturk_agent_1,False,False,False,1.0,2.0,,,,True,False
401,9,mturk_agent_1,False,False,False,1.0,2.0,,,,True,False
401,11,mturk_agent_1,False,False,False,1.0,2.0,,,,True,False
403,0,mturk_agent_1,False,False,False,1.0,2.0,,,,True,False
403,2,mturk_agent_1,False,False,False,1.0,2.0,,,,True,False
403,4,mturk_agent_1,False,False,False,1.0,2.0,,,,True,False
403,6,mturk_agent_1,False,False,False,1.0,2.0,,,,True,False
403,8,mturk_agent_1,False,False,False,1.0,2.0,,,,True,False
403,10,mturk_agent_1,False,False,False,1.0,2.0,,,,True,False
411,0,mturk_agent_1,False,False,False,1.0,2.0,,,,True,False
411,2,mturk_agent_1,False,False,False,1.0,2.0,,,,True,False
411,4,mturk_agent_1,False,False,False,1.0,2.0,,,,True,False
411,6,mturk_agent_1,False,False,False,1.0,2.0,,,,True,False
411,8,mturk_agent_1,False,False,False,1.0,2.0,,,,True,False
411,10,mturk_agent_1,False,False,False,1.0,2.0,,,,True,False
411,13,mturk_agent_1,False,False,False,1.0,2.0,,,,True,False
411,15,mturk_agent_1,False,False,False,1.0,2.0,,,,True,False
411,17,mturk_agent_1,False,False,False,1.0,2.0,,,,True,False
415,1,mturk_agent_1,False,False,False,2.0,1.0,,,,True,False
415,3,mturk_agent_1,False,False,False,2.0,1.0,,,,True,False
415,5,mturk_agent_1,False,False,False,2.0,1.0,,,,True,False
415,7,mturk_agent_1,False,False,False,2.0,1.0,,,,True,False
415,9,mturk_agent_1,False,False,False,2.0,1.0,,,,True,False
415,11,mturk_agent_1,False,False,False,2.0,1.0,,,,True,False
415,13,mturk_agent_1,True,True,True,2.0,1.0,True,True,True,True,False
417,1,mturk_agent_1,False,False,False,1.0,2.0,,,,True,False
417,3,mturk_agent_1,False,False,False,1.0,2.0,,,,True,False
417,5,mturk_agent_1,False,False,False,1.0,2.0,,,,True,False
417,7,mturk_agent_1,False,False,False,1.0,2.0,,,,True,False
417,9,mturk_agent_1,False,False,False,1.0,2.0,,,,True,False
417,11,mturk_agent_1,False,False,False,1.0,2.0,,,,True,False
417,13,mturk_agent_1,True,True,True,1.0,2.0,True,True,True,True,False
418,1,mturk_agent_1,False,False,False,1.0,2.0,,,,True,False
418,3,mturk_agent_1,False,False,False,1.0,2.0,,,,True,False
418,5,mturk_agent_1,False,False,False,1.0,2.0,,,,True,False
418,7,mturk_agent_1,False,False,False,1.0,2.0,,,,True,False
418,9,mturk_agent_1,False,False,False,1.0,2.0,,,,True,False
418,11,mturk_agent_1,True,True,True,1.0,2.0,True,True,True,True,False
425,0,mturk_agent_1,False,False,False,1.0,2.0,,,,True,False
425,2,mturk_agent_1,False,False,False,1.0,2.0,,,,True,False
425,4,mturk_agent_1,False,False,False,1.0,2.0,,,,True,False
425,6,mturk_agent_1,False,False,False,1.0,2.0,,,,True,False
425,8,mturk_agent_1,False,False,False,1.0,2.0,,,,True,False
425,10,mturk_agent_1,False,False,False,1.0,2.0,,,,True,False
425,12,mturk_agent_1,False,False,False,1.0,2.0,,,,True,False
425,14,mturk_agent_1,True,True,True,1.0,2.0,True,True,True,True,False
427,0,mturk_agent_1,False,False,False,2.0,1.0,,,,True,False
427,2,mturk_agent_1,False,False,False,2.0,1.0,,,,True,False
427,4,mturk_agent_1,False,False,False,2.0,1.0,,,,True,False
427,6,mturk_agent_1,False,False,False,2.0,1.0,,,,True,False
427,8,mturk_agent_1,False,False,False,2.0,1.0,,,,True,False
427,10,mturk_agent_1,False,False,False,2.0,1.0,,,,True,False
427,12,mturk_agent_1,True,True,True,2.0,1.0,True,True,False,True,False
427,13,mturk_agent_1,False,False,False,2.0,1.0,,,,True,False
431,1,mturk_agent_1,False,False,False,1.0,2.0,,,,True,False
431,3,mturk_agent_1,False,False,False,1.0,2.0,,,,True,False
431,5,mturk_agent_1,False,False,False,1.0,2.0,,,,True,False
431,7,mturk_agent_1,False,False,False,1.0,2.0,,,,True,False
431,9,mturk_agent_1,False,False,False,1.0,2.0,,,,True,False
431,11,mturk_agent_1,True,True,True,1.0,2.0,True,True,True,True,False
435,0,mturk_agent_1,False,False,False,2.0,1.0,,,,True,False
435,2,mturk_agent_1,False,False,False,2.0,1.0,,,,True,False
435,4,mturk_agent_1,False,False,False,2.0,1.0,,,,True,False
435,6,mturk_agent_1,False,False,False,2.0,1.0,,,,True,False
435,8,mturk_agent_1,False,False,False,2.0,1.0,,,,True,False
435,10,mturk_agent_1,False,False,False,2.0,1.0,,,,True,False
449,1,mturk_agent_1,False,False,False,1.0,2.0,,,,True,False
449,3,mturk_agent_1,False,False,False,1.0,2.0,,,,True,False
449,5,mturk_agent_1,False,False,False,1.0,2.0,,,,True,False
449,7,mturk_agent_1,False,False,False,1.0,2.0,,,,True,False
449,9,mturk_agent_1,False,False,False,1.0,2.0,,,,True,False
449,11,mturk_agent_1,True,True,True,1.0,2.0,True,True,True,True,False
450,0,mturk_agent_1,False,False,False,2.0,1.0,,,,True,False
450,2,mturk_agent_1,False,False,False,2.0,1.0,,,,True,False
450,4,mturk_agent_1,False,False,False,2.0,1.0,,,,True,False
450,6,mturk_agent_1,False,False,False,2.0,1.0,,,,True,False
450,8,mturk_agent_1,False,False,False,2.0,1.0,,,,True,False
450,10,mturk_agent_1,False,False,False,2.0,1.0,,,,True,False
450,12,mturk_agent_1,False,False,False,2.0,1.0,,,,True,False
450,14,mturk_agent_1,False,False,False,2.0,1.0,,,,True,False
450,16,mturk_agent_1,True,True,True,2.0,1.0,True,True,True,True,False
451,0,mturk_agent_1,False,False,False,2.0,1.0,,,,True,False
451,2,mturk_agent_1,False,False,False,2.0,1.0,,,,True,False
451,4,mturk_agent_1,False,False,False,2.0,1.0,,,,True,False
451,6,mturk_agent_1,False,False,False,2.0,1.0,,,,True,False
451,8,mturk_agent_1,False,False,False,2.0,1.0,,,,True,False
451,10,mturk_agent_1,False,False,False,2.0,1.0,,,,True,False
451,12,mturk_agent_1,False,False,False,2.0,1.0,,,,True,False
451,14,mturk_agent_1,False,False,False,2.0,1.0,,,,True,False
451,17,mturk_agent_1,False,False,False,2.0,1.0,,,,True,False
467,0,mturk_agent_1,False,False,False,1.0,2.0,,,,True,False
467,2,mturk_agent_1,False,False,False,1.0,2.0,,,,True,False
467,4,mturk_agent_1,False,False,False,1.0,2.0,,,,True,False
467,6,mturk_agent_1,False,False,False,1.0,2.0,,,,True,False
467,8,mturk_agent_1,False,False,False,1.0,2.0,,,,True,False
467,10,mturk_agent_1,False,False,False,1.0,2.0,,,,True,False
467,12,mturk_agent_1,False,False,False,1.0,2.0,,,,True,False
467,14,mturk_agent_1,False,False,False,1.0,2.0,,,,True,False
467,16,mturk_agent_1,False,False,False,1.0,2.0,,,,True,False
467,18,mturk_agent_1,False,False,False,1.0,2.0,,,,True,False
467,20,mturk_agent_1,False,False,False,1.0,2.0,,,,True,False
467,22,mturk_agent_1,False,False,False,1.0,2.0,,,,True,False
467,24,mturk_agent_1,False,False,False,1.0,2.0,,,,True,False
467,27,mturk_agent_1,True,True,True,1.0,2.0,True,True,False,True,False
467,28,mturk_agent_1,False,False,False,1.0,2.0,,,,True,False
467,31,mturk_agent_1,True,True,True,1.0,2.0,True,True,False,True,False
467,32,mturk_agent_1,False,False,False,1.0,2.0,,,,True,False
467,35,mturk_agent_1,True,True,True,1.0,2.0,True,True,False,True,False
477,0,mturk_agent_1,False,False,False,1.0,2.0,,,,True,False
477,2,mturk_agent_1,False,False,False,1.0,2.0,,,,True,False
477,4,mturk_agent_1,False,False,False,1.0,2.0,,,,True,False
477,6,mturk_agent_1,False,False,False,1.0,2.0,,,,True,False
477,8,mturk_agent_1,False,False,False,1.0,2.0,,,,True,False
477,10,mturk_agent_1,False,False,False,1.0,2.0,,,,True,False
477,12,mturk_agent_1,False,False,False,1.0,2.0,,,,True,False
477,14,mturk_agent_1,False,False,False,1.0,2.0,,,,True,False
477,16,mturk_agent_1,False,False,False,1.0,2.0,,,,True,False
477,18,mturk_agent_1,False,False,False,1.0,2.0,,,,True,False
477,20,mturk_agent_1,True,True,True,1.0,2.0,True,True,True,True,False
482,1,mturk_agent_1,False,False,False,2.0,1.0,,,,True,False
482,3,mturk_agent_1,False,False,False,2.0,1.0,,,,True,False
482,5,mturk_agent_1,False,False,False,2.0,1.0,,,,True,False
482,7,mturk_agent_1,False,False,False,2.0,1.0,,,,True,False
482,9,mturk_agent_1,False,False,False,2.0,1.0,,,,True,False
482,11,mturk_agent_1,False,False,False,2.0,1.0,,,,True,False
485,1,mturk_agent_1,False,False,False,1.0,1.0,,,,False,False
485,3,mturk_agent_1,False,False,False,1.0,1.0,,,,False,False
485,5,mturk_agent_1,False,False,False,1.0,1.0,,,,False,False
485,7,mturk_agent_1,False,False,False,1.0,1.0,,,,False,False
485,9,mturk_agent_1,False,False,False,1.0,1.0,,,,False,False
485,11,mturk_agent_1,True,True,True,1.0,1.0,True,True,True,False,False
49,1,mturk_agent_1,False,False,False,1.0,2.0,,,,True,False
49,3,mturk_agent_1,False,False,False,1.0,2.0,,,,True,False
49,5,mturk_agent_1,False,False,False,1.0,2.0,,,,True,False
49,7,mturk_agent_1,False,False,False,1.0,2.0,,,,True,False
49,9,mturk_agent_1,False,False,False,1.0,2.0,,,,True,False
49,11,mturk_agent_1,False,False,False,1.0,2.0,,,,True,False
49,13,mturk_agent_1,False,False,False,1.0,2.0,,,,True,False
49,15,mturk_agent_1,True,True,True,1.0,2.0,True,True,True,True,False
490,0,mturk_agent_1,False,False,False,1.0,2.0,,,,True,False
490,2,mturk_agent_1,False,False,False,1.0,2.0,,,,True,False
490,4,mturk_agent_1,False,False,False,1.0,2.0,,,,True,False
490,6,mturk_agent_1,False,False,False,1.0,2.0,,,,True,False
490,8,mturk_agent_1,False,False,False,1.0,2.0,,,,True,False
490,10,mturk_agent_1,False,False,False,1.0,2.0,,,,True,False
490,12,mturk_agent_1,True,True,True,1.0,2.0,True,True,True,True,False
495,0,mturk_agent_1,False,False,False,1.0,2.0,,,,True,False
495,2,mturk_agent_1,False,False,False,1.0,2.0,,,,True,False
495,4,mturk_agent_1,False,False,False,1.0,2.0,,,,True,False
495,6,mturk_agent_1,False,False,False,1.0,2.0,,,,True,False
495,8,mturk_agent_1,False,False,False,1.0,2.0,,,,True,False
495,10,mturk_agent_1,False,False,False,1.0,2.0,,,,True,False
495,12,mturk_agent_1,False,False,False,1.0,2.0,,,,True,False
495,14,mturk_agent_1,False,False,False,1.0,2.0,,,,True,False
495,16,mturk_agent_1,False,False,False,1.0,2.0,,,,True,False
495,18,mturk_agent_1,False,False,False,1.0,2.0,,,,True,False
495,20,mturk_agent_1,False,False,False,1.0,2.0,,,,True,False
495,22,mturk_agent_1,False,False,False,1.0,2.0,,,,True,False
5,0,mturk_agent_1,False,False,False,2.0,1.0,,,,True,False
5,2,mturk_agent_1,False,False,False,2.0,1.0,,,,True,False
5,4,mturk_agent_1,False,False,False,2.0,1.0,,,,True,False
5,6,mturk_agent_1,False,False,False,2.0,1.0,,,,True,False
5,8,mturk_agent_1,False,False,False,2.0,1.0,,,,True,False
5,10,mturk_agent_1,False,False,False,2.0,1.0,,,,True,False
5,12,mturk_agent_1,True,True,True,2.0,1.0,True,True,True,True,False
502,0,mturk_agent_1,False,False,False,2.0,1.0,,,,True,False
502,2,mturk_agent_1,False,False,False,2.0,1.0,,,,True,False
502,4,mturk_agent_1,False,False,False,2.0,1.0,,,,True,False
502,6,mturk_agent_1,False,False,False,2.0,1.0,,,,True,False
502,8,mturk_agent_1,False,False,False,2.0,1.0,,,,True,False
502,10,mturk_agent_1,False,False,False,2.0,1.0,,,,True,False
502,12,mturk_agent_1,False,False,False,2.0,1.0,,,,True,False
509,0,mturk_agent_1,False,False,False,2.0,1.0,,,,True,False
509,2,mturk_agent_1,False,False,False,2.0,1.0,,,,True,False
509,4,mturk_agent_1,False,False,False,2.0,1.0,,,,True,False
509,6,mturk_agent_1,False,False,False,2.0,1.0,,,,True,False
509,8,mturk_agent_1,False,False,False,2.0,1.0,,,,True,False
509,10,mturk_agent_1,False,False,False,2.0,1.0,,,,True,False
509,12,mturk_agent_1,True,True,True,2.0,1.0,True,True,True,True,False
515,1,mturk_agent_1,False,False,False,1.0,1.0,,,,False,False
515,3,mturk_agent_1,False,False,False,1.0,1.0,,,,False,False
515,5,mturk_agent_1,False,False,False,1.0,1.0,,,,False,False
515,7,mturk_agent_1,False,False,False,1.0,1.0,,,,False,False
515,9,mturk_agent_1,False,False,False,1.0,1.0,,,,False,False
515,11,mturk_agent_1,False,False,False,1.0,1.0,,,,False,False
515,13,mturk_agent_1,True,True,True,1.0,1.0,True,True,True,False,False
516,1,mturk_agent_1,False,False,False,2.0,1.0,,,,True,False
516,3,mturk_agent_1,False,False,False,2.0,1.0,,,,True,False
516,5,mturk_agent_1,False,False,False,2.0,1.0,,,,True,False
516,7,mturk_agent_1,False,False,False,2.0,1.0,,,,True,False
516,9,mturk_agent_1,False,False,False,2.0,1.0,,,,True,False
516,11,mturk_agent_1,False,False,False,2.0,1.0,,,,True,False
522,1,mturk_agent_1,False,False,False,2.0,1.0,,,,True,False
522,3,mturk_agent_1,False,False,False,2.0,1.0,,,,True,False
522,5,mturk_agent_1,False,False,False,2.0,1.0,,,,True,False
522,7,mturk_agent_1,False,False,False,2.0,1.0,,,,True,False
522,9,mturk_agent_1,False,False,False,2.0,1.0,,,,True,False
522,11,mturk_agent_1,True,True,True,2.0,1.0,True,True,True,True,False
53,1,mturk_agent_1,False,False,False,1.0,2.0,,,,True,False
53,3,mturk_agent_1,False,False,False,1.0,2.0,,,,True,False
53,5,mturk_agent_1,False,False,False,1.0,2.0,,,,True,False
53,7,mturk_agent_1,False,False,False,1.0,2.0,,,,True,False
53,9,mturk_agent_1,False,False,False,1.0,2.0,,,,True,False
53,11,mturk_agent_1,False,False,False,1.0,2.0,,,,True,False
533,1,mturk_agent_1,False,False,False,2.0,1.0,,,,True,False
533,3,mturk_agent_1,False,False,False,2.0,1.0,,,,True,False
533,5,mturk_agent_1,False,False,False,2.0,1.0,,,,True,False
533,7,mturk_agent_1,False,False,False,2.0,1.0,,,,True,False
533,9,mturk_agent_1,False,False,False,2.0,1.0,,,,True,False
533,11,mturk_agent_1,True,True,True,2.0,1.0,True,True,True,True,False
539,1,mturk_agent_1,False,False,False,1.0,2.0,,,,True,False
539,3,mturk_agent_1,False,False,False,1.0,2.0,,,,True,False
539,5,mturk_agent_1,False,False,False,1.0,2.0,,,,True,False
539,7,mturk_agent_1,False,False,False,1.0,2.0,,,,True,False
539,9,mturk_agent_1,True,True,True,1.0,2.0,True,True,True,True,False
548,1,mturk_agent_1,False,False,False,1.0,2.0,,,,True,False
548,3,mturk_agent_1,False,False,False,1.0,2.0,,,,True,False
548,5,mturk_agent_1,False,False,False,1.0,2.0,,,,True,False
548,7,mturk_agent_1,False,False,False,1.0,2.0,,,,True,False
548,9,mturk_agent_1,False,False,False,1.0,2.0,,,,True,False
548,11,mturk_agent_1,True,True,True,1.0,2.0,True,True,False,True,False
548,12,mturk_agent_1,False,False,False,1.0,2.0,,,,True,False
548,15,mturk_agent_1,True,True,True,1.0,2.0,True,True,True,True,False
559,0,mturk_agent_1,False,False,False,2.0,1.0,,,,True,False
559,2,mturk_agent_1,False,False,False,2.0,1.0,,,,True,False
559,4,mturk_agent_1,False,False,False,2.0,1.0,,,,True,False
559,6,mturk_agent_1,False,False,False,2.0,1.0,,,,True,False
559,8,mturk_agent_1,False,False,False,2.0,1.0,,,,True,False
559,10,mturk_agent_1,False,False,False,2.0,1.0,,,,True,False
56,0,mturk_agent_1,False,False,False,1.0,2.0,,,,True,False
56,2,mturk_agent_1,False,False,False,1.0,2.0,,,,True,False
56,4,mturk_agent_1,False,False,False,1.0,2.0,,,,True,False
56,6,mturk_agent_1,False,False,False,1.0,2.0,,,,True,False
56,8,mturk_agent_1,False,False,False,1.0,2.0,,,,True,False
56,10,mturk_agent_1,False,False,False,1.0,2.0,,,,True,False
568,1,mturk_agent_1,False,False,False,2.0,1.0,,,,True,False
568,3,mturk_agent_1,False,False,False,2.0,1.0,,,,True,False
568,5,mturk_agent_1,False,False,False,2.0,1.0,,,,True,False
568,7,mturk_agent_1,False,False,False,2.0,1.0,,,,True,False
568,9,mturk_agent_1,False,False,False,2.0,1.0,,,,True,False
568,11,mturk_agent_1,True,True,True,2.0,1.0,True,True,True,True,False
575,1,mturk_agent_1,False,False,False,2.0,1.0,,,,True,False
575,3,mturk_agent_1,False,False,False,2.0,1.0,,,,True,False
575,5,mturk_agent_1,False,False,False,2.0,1.0,,,,True,False
575,7,mturk_agent_1,False,False,False,2.0,1.0,,,,True,False
575,9,mturk_agent_1,False,False,False,2.0,1.0,,,,True,False
575,11,mturk_agent_1,False,False,False,2.0,1.0,,,,True,False
579,0,mturk_agent_1,False,False,False,2.0,1.0,,,,True,False
579,2,mturk_agent_1,False,False,False,2.0,1.0,,,,True,False
579,4,mturk_agent_1,False,False,False,2.0,1.0,,,,True,False
579,6,mturk_agent_1,False,False,False,2.0,1.0,,,,True,False
579,8,mturk_agent_1,False,False,False,2.0,1.0,,,,True,False
579,10,mturk_agent_1,False,False,False,2.0,1.0,,,,True,False
579,12,mturk_agent_1,False,False,False,2.0,1.0,,,,True,False
579,14,mturk_agent_1,True,True,True,2.0,1.0,True,True,True,True,False
587,1,mturk_agent_1,False,False,False,2.0,1.0,,,,True,False
587,3,mturk_agent_1,False,False,False,2.0,1.0,,,,True,False
587,5,mturk_agent_1,False,False,False,2.0,1.0,,,,True,False
587,7,mturk_agent_1,False,False,False,2.0,1.0,,,,True,False
587,9,mturk_agent_1,False,False,False,2.0,1.0,,,,True,False
587,11,mturk_agent_1,False,False,False,2.0,1.0,,,,True,False
587,13,mturk_agent_1,True,True,True,2.0,1.0,True,True,True,True,False
588,1,mturk_agent_1,False,False,False,2.0,1.0,,,,True,False
588,3,mturk_agent_1,False,False,False,2.0,1.0,,,,True,False
588,5,mturk_agent_1,False,False,False,2.0,1.0,,,,True,False
588,7,mturk_agent_1,False,False,False,2.0,1.0,,,,True,False
588,9,mturk_agent_1,False,False,False,2.0,1.0,,,,True,False
588,11,mturk_agent_1,True,True,True,2.0,1.0,True,False,True,True,True
596,1,mturk_agent_1,False,False,False,2.0,1.0,,,,True,False
596,3,mturk_agent_1,False,False,False,2.0,1.0,,,,True,False
596,5,mturk_agent_1,False,False,False,2.0,1.0,,,,True,False
596,7,mturk_agent_1,False,False,False,2.0,1.0,,,,True,False
596,9,mturk_agent_1,False,False,False,2.0,1.0,,,,True,False
596,11,mturk_agent_1,False,False,False,2.0,1.0,,,,True,False
606,1,mturk_agent_1,False,False,False,1.0,2.0,,,,True,False
606,3,mturk_agent_1,False,False,False,1.0,2.0,,,,True,False
606,5,mturk_agent_1,False,False,False,1.0,2.0,,,,True,False
606,7,mturk_agent_1,False,False,False,1.0,2.0,,,,True,False
606,9,mturk_agent_1,False,False,False,1.0,2.0,,,,True,False
606,11,mturk_agent_1,False,False,False,1.0,2.0,,,,True,False
61,0,mturk_agent_1,False,False,False,2.0,1.0,,,,True,False
61,2,mturk_agent_1,False,False,False,2.0,1.0,,,,True,False
61,4,mturk_agent_1,False,False,False,2.0,1.0,,,,True,False
61,6,mturk_agent_1,False,False,False,2.0,1.0,,,,True,False
61,8,mturk_agent_1,False,False,False,2.0,1.0,,,,True,False
61,10,mturk_agent_1,False,False,False,2.0,1.0,,,,True,False
61,12,mturk_agent_1,False,False,False,2.0,1.0,,,,True,False
61,14,mturk_agent_1,False,False,False,2.0,1.0,,,,True,False
61,17,mturk_agent_1,False,False,False,2.0,1.0,,,,True,False
61,20,mturk_agent_1,True,True,True,2.0,1.0,True,False,False,True,True
61,21,mturk_agent_1,False,False,False,2.0,1.0,,,,True,False
61,23,mturk_agent_1,False,False,False,2.0,1.0,,,,True,False
611,1,mturk_agent_1,False,False,False,2.0,1.0,,,,True,False
611,3,mturk_agent_1,False,False,False,2.0,1.0,,,,True,False
611,5,mturk_agent_1,False,False,False,2.0,1.0,,,,True,False
611,7,mturk_agent_1,False,False,False,2.0,1.0,,,,True,False
611,9,mturk_agent_1,False,False,False,2.0,1.0,,,,True,False
611,11,mturk_agent_1,False,False,False,2.0,1.0,,,,True,False
611,13,mturk_agent_1,False,False,False,2.0,1.0,,,,True,False
614,1,mturk_agent_1,False,False,False,2.0,1.0,,,,True,False
614,3,mturk_agent_1,False,False,False,2.0,1.0,,,,True,False
614,5,mturk_agent_1,False,False,False,2.0,1.0,,,,True,False
614,7,mturk_agent_1,False,False,False,2.0,1.0,,,,True,False
614,9,mturk_agent_1,False,False,False,2.0,1.0,,,,True,False
614,11,mturk_agent_1,False,False,False,2.0,1.0,,,,True,False
617,1,mturk_agent_1,False,False,False,1.0,2.0,,,,True,False
617,3,mturk_agent_1,False,False,False,1.0,2.0,,,,True,False
617,5,mturk_agent_1,False,False,False,1.0,2.0,,,,True,False
617,7,mturk_agent_1,False,False,False,1.0,2.0,,,,True,False
617,9,mturk_agent_1,False,False,False,1.0,2.0,,,,True,False
617,11,mturk_agent_1,True,True,True,1.0,2.0,True,True,True,True,False
619,1,mturk_agent_1,False,False,False,2.0,1.0,,,,True,False
619,3,mturk_agent_1,False,False,False,2.0,1.0,,,,True,False
619,5,mturk_agent_1,False,False,False,2.0,1.0,,,,True,False
619,7,mturk_agent_1,False,False,False,2.0,1.0,,,,True,False
619,9,mturk_agent_1,False,False,False,2.0,1.0,,,,True,False
619,11,mturk_agent_1,True,True,True,2.0,1.0,True,True,True,True,False
624,0,mturk_agent_1,False,False,False,2.0,1.0,,,,True,False
624,2,mturk_agent_1,False,False,False,2.0,1.0,,,,True,False
624,4,mturk_agent_1,False,False,False,2.0,1.0,,,,True,False
624,6,mturk_agent_1,False,False,False,2.0,1.0,,,,True,False
624,8,mturk_agent_1,False,False,False,2.0,1.0,,,,True,False
624,10,mturk_agent_1,False,False,False,2.0,1.0,,,,True,False
624,12,mturk_agent_1,False,False,False,2.0,1.0,,,,True,False
627,0,mturk_agent_1,False,False,False,2.0,1.0,,,,True,False
627,2,mturk_agent_1,False,False,False,2.0,1.0,,,,True,False
627,4,mturk_agent_1,False,False,False,2.0,1.0,,,,True,False
627,6,mturk_agent_1,False,False,False,2.0,1.0,,,,True,False
627,8,mturk_agent_1,False,False,False,2.0,1.0,,,,True,False
627,10,mturk_agent_1,False,False,False,2.0,1.0,,,,True,False
627,12,mturk_agent_1,False,False,False,2.0,1.0,,,,True,False
627,14,mturk_agent_1,True,True,True,2.0,1.0,True,True,True,True,False
631,0,mturk_agent_1,False,False,False,2.0,1.0,,,,True,False
631,2,mturk_agent_1,False,False,False,2.0,1.0,,,,True,False
631,4,mturk_agent_1,False,False,False,2.0,1.0,,,,True,False
631,6,mturk_agent_1,False,False,False,2.0,1.0,,,,True,False
631,8,mturk_agent_1,False,False,False,2.0,1.0,,,,True,False
631,10,mturk_agent_1,False,False,False,2.0,1.0,,,,True,False
631,12,mturk_agent_1,False,False,False,2.0,1.0,,,,True,False
635,1,mturk_agent_1,False,False,False,2.0,1.0,,,,True,False
635,3,mturk_agent_1,False,False,False,2.0,1.0,,,,True,False
635,5,mturk_agent_1,False,False,False,2.0,1.0,,,,True,False
635,7,mturk_agent_1,False,False,False,2.0,1.0,,,,True,False
635,9,mturk_agent_1,False,False,False,2.0,1.0,,,,True,False
641,0,mturk_agent_1,False,False,False,1.0,2.0,,,,True,False
641,2,mturk_agent_1,False,False,False,1.0,2.0,,,,True,False
641,4,mturk_agent_1,False,False,False,1.0,2.0,,,,True,False
641,6,mturk_agent_1,False,False,False,1.0,2.0,,,,True,False
641,8,mturk_agent_1,False,False,False,1.0,2.0,,,,True,False
641,10,mturk_agent_1,False,False,False,1.0,2.0,,,,True,False
641,12,mturk_agent_1,False,False,False,1.0,2.0,,,,True,False
648,1,mturk_agent_1,False,False,False,1.0,2.0,,,,True,False
648,3,mturk_agent_1,False,False,False,1.0,2.0,,,,True,False
648,5,mturk_agent_1,False,False,False,1.0,2.0,,,,True,False
648,7,mturk_agent_1,False,False,False,1.0,2.0,,,,True,False
648,9,mturk_agent_1,False,False,False,1.0,2.0,,,,True,False
648,11,mturk_agent_1,False,False,False,1.0,2.0,,,,True,False
648,14,mturk_agent_1,True,True,True,1.0,2.0,True,True,False,True,False
648,15,mturk_agent_1,False,False,False,1.0,2.0,,,,True,False
648,18,mturk_agent_1,True,True,True,1.0,2.0,True,True,False,True,False
648,19,mturk_agent_1,False,False,False,1.0,2.0,,,,True,False
648,21,mturk_agent_1,False,False,False,1.0,2.0,,,,True,False
648,23,mturk_agent_1,False,False,False,1.0,2.0,,,,True,False
672,1,mturk_agent_1,False,False,False,1.0,2.0,,,,True,False
672,3,mturk_agent_1,False,False,False,1.0,2.0,,,,True,False
672,5,mturk_agent_1,False,False,False,1.0,2.0,,,,True,False
672,7,mturk_agent_1,False,False,False,1.0,2.0,,,,True,False
672,9,mturk_agent_1,False,False,False,1.0,2.0,,,,True,False
672,11,mturk_agent_1,True,True,True,1.0,2.0,True,True,True,True,False
673,0,mturk_agent_1,False,False,False,1.0,2.0,,,,True,False
673,2,mturk_agent_1,False,False,False,1.0,2.0,,,,True,False
673,4,mturk_agent_1,False,False,False,1.0,2.0,,,,True,False
673,6,mturk_agent_1,False,False,False,1.0,2.0,,,,True,False
673,8,mturk_agent_1,False,False,False,1.0,2.0,,,,True,False
673,10,mturk_agent_1,False,False,False,1.0,2.0,,,,True,False
673,13,mturk_agent_1,False,False,False,1.0,2.0,,,,True,False
673,15,mturk_agent_1,True,True,True,1.0,2.0,True,True,True,True,False
691,0,mturk_agent_1,False,False,False,2.0,1.0,,,,True,False
691,2,mturk_agent_1,False,False,False,2.0,1.0,,,,True,False
691,4,mturk_agent_1,False,False,False,2.0,1.0,,,,True,False
691,6,mturk_agent_1,False,False,False,2.0,1.0,,,,True,False
691,8,mturk_agent_1,False,False,False,2.0,1.0,,,,True,False
691,10,mturk_agent_1,False,False,False,2.0,1.0,,,,True,False
691,12,mturk_agent_1,True,True,True,2.0,1.0,True,True,True,True,False
693,1,mturk_agent_1,False,False,False,2.0,1.0,,,,True,False
693,3,mturk_agent_1,False,False,False,2.0,1.0,,,,True,False
693,5,mturk_agent_1,False,False,False,2.0,1.0,,,,True,False
693,7,mturk_agent_1,False,False,False,2.0,1.0,,,,True,False
693,9,mturk_agent_1,False,False,False,2.0,1.0,,,,True,False
693,11,mturk_agent_1,True,True,True,2.0,1.0,True,True,True,True,False
695,0,mturk_agent_1,False,False,False,1.0,2.0,,,,True,False
695,2,mturk_agent_1,False,False,False,1.0,2.0,,,,True,False
695,4,mturk_agent_1,False,False,False,1.0,2.0,,,,True,False
695,6,mturk_agent_1,False,False,False,1.0,2.0,,,,True,False
695,8,mturk_agent_1,False,False,False,1.0,2.0,,,,True,False
695,10,mturk_agent_1,False,False,False,1.0,2.0,,,,True,False
709,0,mturk_agent_1,False,False,False,1.0,2.0,,,,True,False
709,2,mturk_agent_1,False,False,False,1.0,2.0,,,,True,False
709,4,mturk_agent_1,False,False,False,1.0,2.0,,,,True,False
709,6,mturk_agent_1,False,False,False,1.0,2.0,,,,True,False
709,8,mturk_agent_1,False,False,False,1.0,2.0,,,,True,False
709,10,mturk_agent_1,False,False,False,1.0,2.0,,,,True,False
709,12,mturk_agent_1,True,True,True,1.0,2.0,False,True,True,True,True
716,0,mturk_agent_1,False,False,False,1.0,2.0,,,,True,False
716,2,mturk_agent_1,False,False,False,1.0,2.0,,,,True,False
716,4,mturk_agent_1,False,False,False,1.0,2.0,,,,True,False
716,6,mturk_agent_1,False,False,False,1.0,2.0,,,,True,False
716,8,mturk_agent_1,False,False,False,1.0,2.0,,,,True,False
716,10,mturk_agent_1,False,False,False,1.0,2.0,,,,True,False
720,0,mturk_agent_1,False,False,False,2.0,1.0,,,,True,False
720,2,mturk_agent_1,False,False,False,2.0,1.0,,,,True,False
720,4,mturk_agent_1,False,False,False,2.0,1.0,,,,True,False
720,6,mturk_agent_1,False,False,False,2.0,1.0,,,,True,False
720,8,mturk_agent_1,False,False,False,2.0,1.0,,,,True,False
720,10,mturk_agent_1,False,False,False,2.0,1.0,,,,True,False
720,12,mturk_agent_1,False,False,False,2.0,1.0,,,,True,False
720,14,mturk_agent_1,False,False,False,2.0,1.0,,,,True,False
720,16,mturk_agent_1,False,False,False,2.0,1.0,,,,True,False
723,0,mturk_agent_1,False,False,False,2.0,1.0,,,,True,False
723,2,mturk_agent_1,False,False,False,2.0,1.0,,,,True,False
723,4,mturk_agent_1,False,False,False,2.0,1.0,,,,True,False
723,6,mturk_agent_1,False,False,False,2.0,1.0,,,,True,False
723,8,mturk_agent_1,False,False,False,2.0,1.0,,,,True,False
723,10,mturk_agent_1,False,False,False,2.0,1.0,,,,True,False
723,12,mturk_agent_1,False,False,False,2.0,1.0,,,,True,False
723,14,mturk_agent_1,False,False,False,2.0,1.0,,,,True,False
723,16,mturk_agent_1,True,True,True,2.0,1.0,True,False,True,True,True
725,0,mturk_agent_1,False,False,False,2.0,1.0,,,,True,False
725,2,mturk_agent_1,False,False,False,2.0,1.0,,,,True,False
725,4,mturk_agent_1,False,False,False,2.0,1.0,,,,True,False
725,6,mturk_agent_1,False,False,False,2.0,1.0,,,,True,False
725,8,mturk_agent_1,False,False,False,2.0,1.0,,,,True,False
725,10,mturk_agent_1,False,False,False,2.0,1.0,,,,True,False
751,1,mturk_agent_1,False,False,False,2.0,1.0,,,,True,False
751,3,mturk_agent_1,False,False,False,2.0,1.0,,,,True,False
751,5,mturk_agent_1,False,False,False,2.0,1.0,,,,True,False
751,7,mturk_agent_1,False,False,False,2.0,1.0,,,,True,False
751,9,mturk_agent_1,False,False,False,2.0,1.0,,,,True,False
751,11,mturk_agent_1,True,True,True,2.0,1.0,True,True,True,True,False
759,0,mturk_agent_1,False,False,False,1.0,2.0,,,,True,False
759,2,mturk_agent_1,False,False,False,1.0,2.0,,,,True,False
759,4,mturk_agent_1,False,False,False,1.0,2.0,,,,True,False
759,6,mturk_agent_1,False,False,False,1.0,2.0,,,,True,False
759,8,mturk_agent_1,False,False,False,1.0,2.0,,,,True,False
759,10,mturk_agent_1,False,False,False,1.0,2.0,,,,True,False
759,12,mturk_agent_1,False,False,False,1.0,2.0,,,,True,False
76,1,mturk_agent_1,False,False,False,1.0,2.0,,,,True,False
76,3,mturk_agent_1,False,False,False,1.0,2.0,,,,True,False
76,5,mturk_agent_1,False,False,False,1.0,2.0,,,,True,False
76,7,mturk_agent_1,False,False,False,1.0,2.0,,,,True,False
76,9,mturk_agent_1,False,False,False,1.0,2.0,,,,True,False
76,11,mturk_agent_1,False,False,False,1.0,2.0,,,,True,False
76,13,mturk_agent_1,False,False,False,1.0,2.0,,,,True,False
76,15,mturk_agent_1,False,False,False,1.0,2.0,,,,True,False
76,18,mturk_agent_1,False,False,False,1.0,2.0,,,,True,False
76,20,mturk_agent_1,False,False,False,1.0,2.0,,,,True,False
76,22,mturk_agent_1,False,False,False,1.0,2.0,,,,True,False
769,0,mturk_agent_1,False,False,False,1.0,2.0,,,,True,False
769,2,mturk_agent_1,False,False,False,1.0,2.0,,,,True,False
769,4,mturk_agent_1,False,False,False,1.0,2.0,,,,True,False
769,6,mturk_agent_1,False,False,False,1.0,2.0,,,,True,False
769,8,mturk_agent_1,False,False,False,1.0,2.0,,,,True,False
769,10,mturk_agent_1,False,False,False,1.0,2.0,,,,True,False
769,12,mturk_agent_1,True,True,True,1.0,2.0,True,True,True,True,False
772,0,mturk_agent_1,False,False,False,1.0,2.0,,,,True,False
772,2,mturk_agent_1,False,False,False,1.0,2.0,,,,True,False
772,4,mturk_agent_1,False,False,False,1.0,2.0,,,,True,False
772,6,mturk_agent_1,False,False,False,1.0,2.0,,,,True,False
772,8,mturk_agent_1,False,False,False,1.0,2.0,,,,True,False
772,10,mturk_agent_1,False,False,False,1.0,2.0,,,,True,False
779,1,mturk_agent_1,False,False,False,1.0,2.0,,,,True,False
779,3,mturk_agent_1,False,False,False,1.0,2.0,,,,True,False
779,5,mturk_agent_1,False,False,False,1.0,2.0,,,,True,False
779,7,mturk_agent_1,False,False,False,1.0,2.0,,,,True,False
779,9,mturk_agent_1,False,False,False,1.0,2.0,,,,True,False
779,11,mturk_agent_1,False,False,False,1.0,2.0,,,,True,False
779,13,mturk_agent_1,False,False,False,1.0,2.0,,,,True,False
782,0,mturk_agent_1,False,False,False,1.0,2.0,,,,True,False
782,2,mturk_agent_1,False,False,False,1.0,2.0,,,,True,False
782,4,mturk_agent_1,False,False,False,1.0,2.0,,,,True,False
782,6,mturk_agent_1,False,False,False,1.0,2.0,,,,True,False
782,8,mturk_agent_1,False,False,False,1.0,2.0,,,,True,False
782,10,mturk_agent_1,False,False,False,1.0,2.0,,,,True,False
789,1,mturk_agent_1,False,False,False,1.0,2.0,,,,True,False
789,3,mturk_agent_1,False,False,False,1.0,2.0,,,,True,False
789,5,mturk_agent_1,False,False,False,1.0,2.0,,,,True,False
789,7,mturk_agent_1,False,False,False,1.0,2.0,,,,True,False
789,9,mturk_agent_1,False,False,False,1.0,2.0,,,,True,False
789,11,mturk_agent_1,True,True,True,1.0,2.0,True,True,True,True,False
792,0,mturk_agent_1,False,False,False,2.0,1.0,,,,True,False
792,2,mturk_agent_1,False,False,False,2.0,1.0,,,,True,False
792,4,mturk_agent_1,False,False,False,2.0,1.0,,,,True,False
792,6,mturk_agent_1,False,False,False,2.0,1.0,,,,True,False
792,8,mturk_agent_1,False,False,False,2.0,1.0,,,,True,False
792,10,mturk_agent_1,False,False,False,2.0,1.0,,,,True,False
800,0,mturk_agent_1,False,False,False,1.0,2.0,,,,True,False
800,2,mturk_agent_1,False,False,False,1.0,2.0,,,,True,False
800,4,mturk_agent_1,False,False,False,1.0,2.0,,,,True,False
800,6,mturk_agent_1,False,False,False,1.0,2.0,,,,True,False
800,8,mturk_agent_1,False,False,False,1.0,2.0,,,,True,False
800,10,mturk_agent_1,False,False,False,1.0,2.0,,,,True,False
800,12,mturk_agent_1,False,False,False,1.0,2.0,,,,True,False
800,14,mturk_agent_1,False,False,False,1.0,2.0,,,,True,False
800,16,mturk_agent_1,False,False,False,1.0,2.0,,,,True,False
800,18,mturk_agent_1,False,False,False,1.0,2.0,,,,True,False
800,20,mturk_agent_1,True,True,True,1.0,2.0,True,True,True,True,False
806,1,mturk_agent_1,False,False,False,2.0,1.0,,,,True,False
806,3,mturk_agent_1,False,False,False,2.0,1.0,,,,True,False
806,5,mturk_agent_1,False,False,False,2.0,1.0,,,,True,False
806,7,mturk_agent_1,False,False,False,2.0,1.0,,,,True,False
806,9,mturk_agent_1,False,False,False,2.0,1.0,,,,True,False
806,11,mturk_agent_1,False,False,False,2.0,1.0,,,,True,False
817,1,mturk_agent_1,False,False,False,1.0,2.0,,,,True,False
817,3,mturk_agent_1,False,False,False,1.0,2.0,,,,True,False
817,5,mturk_agent_1,False,False,False,1.0,2.0,,,,True,False
817,7,mturk_agent_1,False,False,False,1.0,2.0,,,,True,False
817,9,mturk_agent_1,False,False,False,1.0,2.0,,,,True,False
817,11,mturk_agent_1,False,False,False,1.0,2.0,,,,True,False
823,1,mturk_agent_1,False,False,False,1.0,2.0,,,,True,False
823,3,mturk_agent_1,False,False,False,1.0,2.0,,,,True,False
823,5,mturk_agent_1,False,False,False,1.0,2.0,,,,True,False
823,7,mturk_agent_1,False,False,False,1.0,2.0,,,,True,False
823,9,mturk_agent_1,False,False,False,1.0,2.0,,,,True,False
823,11,mturk_agent_1,True,True,True,1.0,2.0,True,True,True,True,False
837,1,mturk_agent_1,False,False,False,2.0,1.0,,,,True,False
837,3,mturk_agent_1,False,False,False,2.0,1.0,,,,True,False
837,5,mturk_agent_1,False,False,False,2.0,1.0,,,,True,False
837,7,mturk_agent_1,False,False,False,2.0,1.0,,,,True,False
837,9,mturk_agent_1,False,False,False,2.0,1.0,,,,True,False
837,11,mturk_agent_1,False,False,False,2.0,1.0,,,,True,False
837,13,mturk_agent_1,False,False,False,2.0,1.0,,,,True,False
837,15,mturk_agent_1,False,False,False,2.0,1.0,,,,True,False
837,17,mturk_agent_1,False,False,False,2.0,1.0,,,,True,False
837,19,mturk_agent_1,False,False,False,2.0,1.0,,,,True,False
837,22,mturk_agent_1,True,True,True,2.0,1.0,True,True,False,True,False
837,23,mturk_agent_1,False,False,False,2.0,1.0,,,,True,False
837,25,mturk_agent_1,False,False,False,2.0,1.0,,,,True,False
840,0,mturk_agent_1,False,False,False,1.0,2.0,,,,True,False
840,2,mturk_agent_1,False,False,False,1.0,2.0,,,,True,False
840,4,mturk_agent_1,False,False,False,1.0,2.0,,,,True,False
840,6,mturk_agent_1,False,False,False,1.0,2.0,,,,True,False
840,8,mturk_agent_1,False,False,False,1.0,2.0,,,,True,False
840,10,mturk_agent_1,False,False,False,1.0,2.0,,,,True,False
840,12,mturk_agent_1,True,True,True,1.0,2.0,True,True,True,True,False
85,0,mturk_agent_1,False,False,False,1.0,2.0,,,,True,False
85,2,mturk_agent_1,False,False,False,1.0,2.0,,,,True,False
85,4,mturk_agent_1,False,False,False,1.0,2.0,,,,True,False
85,6,mturk_agent_1,False,False,False,1.0,2.0,,,,True,False
85,8,mturk_agent_1,False,False,False,1.0,2.0,,,,True,False
85,10,mturk_agent_1,False,False,False,1.0,2.0,,,,True,False
850,0,mturk_agent_1,False,False,False,2.0,1.0,,,,True,False
850,2,mturk_agent_1,False,False,False,2.0,1.0,,,,True,False
850,4,mturk_agent_1,False,False,False,2.0,1.0,,,,True,False
850,6,mturk_agent_1,False,False,False,2.0,1.0,,,,True,False
850,8,mturk_agent_1,False,False,False,2.0,1.0,,,,True,False
850,10,mturk_agent_1,False,False,False,2.0,1.0,,,,True,False
850,12,mturk_agent_1,True,True,True,2.0,1.0,True,True,True,True,False
855,1,mturk_agent_1,False,False,False,2.0,1.0,,,,True,False
855,3,mturk_agent_1,False,False,False,2.0,1.0,,,,True,False
855,5,mturk_agent_1,False,False,False,2.0,1.0,,,,True,False
855,7,mturk_agent_1,False,False,False,2.0,1.0,,,,True,False
855,9,mturk_agent_1,False,False,False,2.0,1.0,,,,True,False
855,11,mturk_agent_1,False,False,False,2.0,1.0,,,,True,False
855,13,mturk_agent_1,True,True,True,2.0,1.0,True,True,False,True,False
855,14,mturk_agent_1,False,False,False,2.0,1.0,,,,True,False
855,16,mturk_agent_1,True,True,True,2.0,1.0,True,True,False,True,False
855,17,mturk_agent_1,False,False,False,2.0,1.0,,,,True,False
864,0,mturk_agent_1,False,False,False,2.0,1.0,,,,True,False
864,2,mturk_agent_1,False,False,False,2.0,1.0,,,,True,False
864,4,mturk_agent_1,False,False,False,2.0,1.0,,,,True,False
864,6,mturk_agent_1,False,False,False,2.0,1.0,,,,True,False
864,8,mturk_agent_1,False,False,False,2.0,1.0,,,,True,False
864,10,mturk_agent_1,False,False,False,2.0,1.0,,,,True,False
864,12,mturk_agent_1,False,False,False,2.0,1.0,,,,True,False
864,14,mturk_agent_1,False,False,False,2.0,1.0,,,,True,False
873,1,mturk_agent_1,False,False,False,1.0,2.0,,,,True,False
873,3,mturk_agent_1,False,False,False,1.0,2.0,,,,True,False
873,5,mturk_agent_1,False,False,False,1.0,2.0,,,,True,False
873,7,mturk_agent_1,False,False,False,1.0,2.0,,,,True,False
873,9,mturk_agent_1,False,False,False,1.0,2.0,,,,True,False
873,11,mturk_agent_1,True,True,True,1.0,2.0,False,True,False,True,True
873,12,mturk_agent_1,False,False,False,1.0,2.0,,,,True,False
873,15,mturk_agent_1,False,False,False,1.0,2.0,,,,True,False
873,17,mturk_agent_1,False,False,False,1.0,2.0,,,,True,False
874,1,mturk_agent_1,False,False,False,2.0,1.0,,,,True,False
874,3,mturk_agent_1,False,False,False,2.0,1.0,,,,True,False
874,5,mturk_agent_1,False,False,False,2.0,1.0,,,,True,False
874,7,mturk_agent_1,False,False,False,2.0,1.0,,,,True,False
874,9,mturk_agent_1,False,False,False,2.0,1.0,,,,True,False
874,11,mturk_agent_1,False,False,False,2.0,1.0,,,,True,False
891,0,mturk_agent_1,False,False,False,1.0,2.0,,,,True,False
891,2,mturk_agent_1,False,False,False,1.0,2.0,,,,True,False
891,4,mturk_agent_1,False,False,False,1.0,2.0,,,,True,False
891,6,mturk_agent_1,False,False,False,1.0,2.0,,,,True,False
891,8,mturk_agent_1,False,False,False,1.0,2.0,,,,True,False
891,10,mturk_agent_1,False,False,False,1.0,2.0,,,,True,False
891,12,mturk_agent_1,True,True,True,1.0,2.0,True,True,True,True,False
898,0,mturk_agent_1,False,False,False,2.0,1.0,,,,True,False
898,2,mturk_agent_1,False,False,False,2.0,1.0,,,,True,False
898,4,mturk_agent_1,False,False,False,2.0,1.0,,,,True,False
898,6,mturk_agent_1,False,False,False,2.0,1.0,,,,True,False
898,8,mturk_agent_1,False,False,False,2.0,1.0,,,,True,False
898,10,mturk_agent_1,False,False,False,2.0,1.0,,,,True,False
898,12,mturk_agent_1,False,False,False,2.0,1.0,,,,True,False
898,14,mturk_agent_1,False,False,False,2.0,1.0,,,,True,False
898,16,mturk_agent_1,False,False,False,2.0,1.0,,,,True,False
902,1,mturk_agent_1,False,False,False,1.0,2.0,,,,True,False
902,3,mturk_agent_1,False,False,False,1.0,2.0,,,,True,False
902,5,mturk_agent_1,False,False,False,1.0,2.0,,,,True,False
902,7,mturk_agent_1,False,False,False,1.0,2.0,,,,True,False
902,9,mturk_agent_1,False,False,False,1.0,2.0,,,,True,False
902,11,mturk_agent_1,True,True,True,1.0,2.0,True,True,True,True,False
91,1,mturk_agent_1,False,False,False,2.0,1.0,,,,True,False
91,3,mturk_agent_1,False,False,False,2.0,1.0,,,,True,False
91,5,mturk_agent_1,False,False,False,2.0,1.0,,,,True,False
91,7,mturk_agent_1,False,False,False,2.0,1.0,,,,True,False
91,9,mturk_agent_1,False,False,False,2.0,1.0,,,,True,False
91,11,mturk_agent_1,True,True,True,2.0,1.0,True,False,True,True,True
910,1,mturk_agent_1,False,False,False,2.0,1.0,,,,True,False
910,3,mturk_agent_1,False,False,False,2.0,1.0,,,,True,False
910,5,mturk_agent_1,False,False,False,2.0,1.0,,,,True,False
910,7,mturk_agent_1,False,False,False,2.0,1.0,,,,True,False
910,9,mturk_agent_1,False,False,False,2.0,1.0,,,,True,False
910,11,mturk_agent_1,False,False,False,2.0,1.0,,,,True,False
926,0,mturk_agent_1,False,False,False,1.0,2.0,,,,True,False
926,2,mturk_agent_1,False,False,False,1.0,2.0,,,,True,False
926,4,mturk_agent_1,False,False,False,1.0,2.0,,,,True,False
926,6,mturk_agent_1,False,False,False,1.0,2.0,,,,True,False
926,8,mturk_agent_1,False,False,False,1.0,2.0,,,,True,False
926,10,mturk_agent_1,False,False,False,1.0,2.0,,,,True,False
931,0,mturk_agent_1,False,False,False,1.0,2.0,,,,True,False
931,2,mturk_agent_1,False,False,False,1.0,2.0,,,,True,False
931,4,mturk_agent_1,False,False,False,1.0,2.0,,,,True,False
931,6,mturk_agent_1,False,False,False,1.0,2.0,,,,True,False
931,8,mturk_agent_1,False,False,False,1.0,2.0,,,,True,False
931,10,mturk_agent_1,False,False,False,1.0,2.0,,,,True,False
933,0,mturk_agent_1,False,False,False,2.0,1.0,,,,True,False
933,2,mturk_agent_1,False,False,False,2.0,1.0,,,,True,False
933,4,mturk_agent_1,False,False,False,2.0,1.0,,,,True,False
933,6,mturk_agent_1,False,False,False,2.0,1.0,,,,True,False
933,8,mturk_agent_1,False,False,False,2.0,1.0,,,,True,False
933,10,mturk_agent_1,False,False,False,2.0,1.0,,,,True,False
941,0,mturk_agent_1,False,False,False,1.0,2.0,,,,True,False
941,2,mturk_agent_1,False,False,False,1.0,2.0,,,,True,False
941,4,mturk_agent_1,False,False,False,1.0,2.0,,,,True,False
941,6,mturk_agent_1,False,False,False,1.0,2.0,,,,True,False
941,8,mturk_agent_1,False,False,False,1.0,2.0,,,,True,False
941,10,mturk_agent_1,False,False,False,1.0,2.0,,,,True,False
942,1,mturk_agent_1,False,False,False,2.0,1.0,,,,True,False
942,3,mturk_agent_1,False,False,False,2.0,1.0,,,,True,False
942,5,mturk_agent_1,False,False,False,2.0,1.0,,,,True,False
942,7,mturk_agent_1,False,False,False,2.0,1.0,,,,True,False
942,9,mturk_agent_1,True,True,True,2.0,1.0,True,True,True,True,False
948,1,mturk_agent_1,False,False,False,2.0,1.0,,,,True,False
948,3,mturk_agent_1,False,False,False,2.0,1.0,,,,True,False
948,5,mturk_agent_1,False,False,False,2.0,1.0,,,,True,False
948,7,mturk_agent_1,False,False,False,2.0,1.0,,,,True,False
948,9,mturk_agent_1,False,False,False,2.0,1.0,,,,True,False
948,11,mturk_agent_1,True,True,True,2.0,1.0,True,True,True,True,False
958,0,mturk_agent_1,False,False,False,1.0,2.0,,,,True,False
958,2,mturk_agent_1,False,False,False,1.0,2.0,,,,True,False
958,4,mturk_agent_1,False,False,False,1.0,2.0,,,,True,False
958,6,mturk_agent_1,False,False,False,1.0,2.0,,,,True,False
958,8,mturk_agent_1,False,False,False,1.0,2.0,,,,True,False
958,10,mturk_agent_1,False,False,False,1.0,2.0,,,,True,False
958,12,mturk_agent_1,False,False,False,1.0,2.0,,,,True,False
958,14,mturk_agent_1,False,False,False,1.0,2.0,,,,True,False
958,16,mturk_agent_1,True,True,True,1.0,2.0,True,True,True,True,False
965,1,mturk_agent_1,False,False,False,1.0,2.0,,,,True,False
965,3,mturk_agent_1,False,False,False,1.0,2.0,,,,True,False
965,5,mturk_agent_1,False,False,False,1.0,2.0,,,,True,False
965,7,mturk_agent_1,False,False,False,1.0,2.0,,,,True,False
965,9,mturk_agent_1,False,False,False,1.0,2.0,,,,True,False
965,11,mturk_agent_1,False,False,False,1.0,2.0,,,,True,False
969,1,mturk_agent_1,False,False,False,1.0,2.0,,,,True,False
969,3,mturk_agent_1,False,False,False,1.0,2.0,,,,True,False
969,5,mturk_agent_1,False,False,False,1.0,2.0,,,,True,False
969,7,mturk_agent_1,False,False,False,1.0,2.0,,,,True,False
969,9,mturk_agent_1,False,False,False,1.0,2.0,,,,True,False
969,11,mturk_agent_1,True,True,True,1.0,2.0,False,True,True,True,True
971,1,mturk_agent_1,False,False,False,2.0,1.0,,,,True,False
971,3,mturk_agent_1,False,False,False,2.0,1.0,,,,True,False
971,5,mturk_agent_1,False,False,False,2.0,1.0,,,,True,False
971,7,mturk_agent_1,False,False,False,2.0,1.0,,,,True,False
971,9,mturk_agent_1,False,False,False,2.0,1.0,,,,True,False
971,11,mturk_agent_1,True,True,True,2.0,1.0,True,True,True,True,False
981,1,mturk_agent_1,False,False,False,2.0,1.0,,,,True,False
981,3,mturk_agent_1,False,False,False,2.0,1.0,,,,True,False
981,5,mturk_agent_1,False,False,False,2.0,1.0,,,,True,False
981,7,mturk_agent_1,False,False,False,2.0,1.0,,,,True,False
981,9,mturk_agent_1,False,False,False,2.0,1.0,,,,True,False
981,11,mturk_agent_1,False,False,False,2.0,1.0,,,,True,False
981,13,mturk_agent_1,True,True,True,2.0,1.0,True,True,True,True,False
993,1,mturk_agent_1,False,False,False,1.0,2.0,,,,True,False
993,3,mturk_agent_1,False,False,False,1.0,2.0,,,,True,False
993,5,mturk_agent_1,False,False,False,1.0,2.0,,,,True,False
993,7,mturk_agent_1,False,False,False,1.0,2.0,,,,True,False
993,9,mturk_agent_1,False,False,False,1.0,2.0,,,,True,False
993,11,mturk_agent_1,False,False,False,1.0,2.0,,,,True,False
993,13,mturk_agent_1,True,True,True,1.0,2.0,True,True,True,True,False
998,1,mturk_agent_1,False,False,False,1.0,2.0,,,,True,False
998,3,mturk_agent_1,False,False,False,1.0,2.0,,,,True,False
998,5,mturk_agent_1,False,False,False,1.0,2.0,,,,True,False
998,7,mturk_agent_1,False,False,False,1.0,2.0,,,,True,False
998,9,mturk_agent_1,False,False,False,1.0,2.0,,,,True,False
998,11,mturk_agent_1,False,False,False,1.0,2.0,,,,True,False
998,13,mturk_agent_1,False,False,False,1.0,2.0,,,,True,False
